condition,k,branch,ari_mean,ari_std,pc1_2_variance_mean
"Correct k, no branch",2,False,0.995351174210759,0.0065744324802544316,0.6702547267284846
"Correct k, with branch",2,True,0.995351174210759,0.0065744324802544316,0.5035186529761821
"Mismatched k, no branch",3,False,0.19515127900874735,0.00885116009997521,0.6702547267284846
"Mismatched k, with branch (primary dataset)",3,True,0.1951053305055856,0.008867696394783913,0.5035186529761821
